H-1 resonance (MHz),F-19 resonance (MHz)
7.368436,6.933815
9.404031,8.853471
11.443701,10.765485