Frequency (MHz),Magnetic Field (kG)
6.401648,1.485
6.401440,1.485
6.401834,1.485
6.401667,1.485
6.401340,1.485
9.267811,2.155
9.267350,2.155
9.266775,2.155
9.266083,2.155
9.266851,2.155
12.127180,2.825
12.126279,2.825
12.126324,2.825
12.126594,2.825
12.126184,2.825