Pos,Pos_unc,Width,Width_unc
430.663291,4.65E-05,13.115068,6.84E-05
664.858545,5.03E-05,13.490171,7.40E-05