Pos,Pos_unc,Width,Width_unc
545.297373,0.000542,45.341309,0.000877